"export_timestamp","property_index","total_properties","uid","name","isActive","address","address.address","address.address2","address.city","address.state","address.zipCode","availability","availability.maxGuests","businessType","mainPicture","mainPicture.largeThumbnail","mainPicture.tinyThumbnail","numberOfSubUnits","pricing","pricing.currency","propertyType","subUnits","tags"
"2025-08-14T22:16:39.572Z","1","23","ac8d730c-2554-4547-986a-dda3bb2a6b62","4417-01 ""The Grant"" · Private Patio","true","{""address"":""4417 Swiss Avenue"",""address2"":""Apt #01"",""zipCode"":""75204"",""city"":""Dallas"",""state"":""TX""}","4417 Swiss Avenue","Apt #01","Dallas","TX","75204","{""maxGuests"":2}","2","STANDALONE_PROPERTY","{""tinyThumbnail"":""https://orbirental-images.s3.amazonaws.com/0478e652-5fda-4cb5-85c3-3f8cb8ba8a85"",""largeThumbnail"":""https://orbirental-images.s3.amazonaws.com/3f19496a-cc1d-4db8-aa18-c33ef1dcdf97""}","https://orbirental-images.s3.amazonaws.com/3f19496a-cc1d-4db8-aa18-c33ef1dcdf97","https://orbirental-images.s3.amazonaws.com/0478e652-5fda-4cb5-85c3-3f8cb8ba8a85","0","{""currency"":""USD""}","USD","CONDO",,
"2025-08-14T22:16:39.572Z","2","23","3fe4130f-a44c-42d1-9132-702af9d66f7c","4417-02 ""Austin"" ","true","{""address"":""4417 Swiss Avenue"",""address2"":""Apt #02"",""zipCode"":""75204"",""city"":""Dallas"",""state"":""TX""}","4417 Swiss Avenue","Apt #02","Dallas","TX","75204","{""maxGuests"":2}","2","STANDALONE_PROPERTY","{""tinyThumbnail"":""https://orbirental-images.s3.amazonaws.com/152c2e53-741f-4dc4-8d6b-e216cc318c5b"",""largeThumbnail"":""https://orbirental-images.s3.amazonaws.com/2492cf3e-d117-44f1-8415-203f65dbc12f""}","https://orbirental-images.s3.amazonaws.com/2492cf3e-d117-44f1-8415-203f65dbc12f","https://orbirental-images.s3.amazonaws.com/152c2e53-741f-4dc4-8d6b-e216cc318c5b","0","{""currency"":""USD""}","USD","CONDO",,
"2025-08-14T22:16:39.572Z","3","23","24b2b422-d78c-4b6c-aa35-7e408cc2f8ae","4417-03 ""Oak"" ·","true","{""address"":""4417 Swiss Avenue"",""address2"":""Apt #03"",""zipCode"":""75204"",""city"":""Dallas"",""state"":""TX""}","4417 Swiss Avenue","Apt #03","Dallas","TX","75204","{""maxGuests"":2}","2","STANDALONE_PROPERTY","{""tinyThumbnail"":""https://orbirental-images.s3.amazonaws.com/e17c5289-90a0-4f77-963e-0ac32f9bb900"",""largeThumbnail"":""https://orbirental-images.s3.amazonaws.com/015ace1e-2a04-4a9f-9932-c259512a1a30""}","https://orbirental-images.s3.amazonaws.com/015ace1e-2a04-4a9f-9932-c259512a1a30","https://orbirental-images.s3.amazonaws.com/e17c5289-90a0-4f77-963e-0ac32f9bb900","0","{""currency"":""USD""}","USD","CONDO",,
"2025-08-14T22:16:39.572Z","4","23","da0364e4-9a6c-477d-9cc0-65a5a984bff6","4417-04 ""The Swiss""","true","{""address"":""4417 Swiss Avenue"",""address2"":""Apt #04"",""zipCode"":""75204"",""city"":""Dallas"",""state"":""TX""}","4417 Swiss Avenue","Apt #04","Dallas","TX","75204","{""maxGuests"":2}","2","STANDALONE_PROPERTY","{""tinyThumbnail"":""https://orbirental-images.s3.amazonaws.com/682ad7ab-8e00-44b8-b1ad-1d75866c5dd3"",""largeThumbnail"":""https://orbirental-images.s3.amazonaws.com/8e280607-4285-4b8f-9110-0d2b485a401f""}","https://orbirental-images.s3.amazonaws.com/8e280607-4285-4b8f-9110-0d2b485a401f","https://orbirental-images.s3.amazonaws.com/682ad7ab-8e00-44b8-b1ad-1d75866c5dd3","0","{""currency"":""USD""}","USD","CONDO",,
"2025-08-14T22:16:39.572Z","5","23","5e5579fb-4039-4b81-8317-24e7fd67187d","4417-05 ""Blue Lux""","true","{""address"":""4417 Swiss Avenue"",""address2"":""Apt #05"",""zipCode"":""75204"",""city"":""Dallas"",""state"":""TX""}","4417 Swiss Avenue","Apt #05","Dallas","TX","75204","{""maxGuests"":2}","2","STANDALONE_PROPERTY","{""tinyThumbnail"":""https://orbirental-images.s3.amazonaws.com/0ecb26a8-1721-4226-b2e5-a8880cbb35d9"",""largeThumbnail"":""https://orbirental-images.s3.amazonaws.com/ec3a12ee-5cc4-4d78-ae43-df3f62dc6637""}","https://orbirental-images.s3.amazonaws.com/ec3a12ee-5cc4-4d78-ae43-df3f62dc6637","https://orbirental-images.s3.amazonaws.com/0ecb26a8-1721-4226-b2e5-a8880cbb35d9","0","{""currency"":""USD""}","USD","CONDO",,
"2025-08-14T22:16:39.572Z","6","23","f0a35595-63d8-4164-976d-9e8216245fd8","4417-06 Petite Garden","true","{""address"":""4417 Swiss Avenue"",""address2"":""Apt #06"",""zipCode"":""75204"",""city"":""Dallas"",""state"":""TX""}","4417 Swiss Avenue","Apt #06","Dallas","TX","75204","{""maxGuests"":2}","2","STANDALONE_PROPERTY","{""tinyThumbnail"":""https://orbirental-images.s3.amazonaws.com/78438287-c4c1-4beb-90e5-09ec3fb31a73"",""largeThumbnail"":""https://orbirental-images.s3.amazonaws.com/85081118-eb24-4231-9e75-369c77e43a67""}","https://orbirental-images.s3.amazonaws.com/85081118-eb24-4231-9e75-369c77e43a67","https://orbirental-images.s3.amazonaws.com/78438287-c4c1-4beb-90e5-09ec3fb31a73","0","{""currency"":""USD""}","USD","CONDO",,
"2025-08-14T22:16:39.572Z","7","23","2233d45f-b621-448a-b411-3c9852da517a","4417-07 ""Jefferson"" · ","true","{""address"":""4417 Swiss Avenue"",""address2"":""Apt #07"",""zipCode"":""75204"",""city"":""Dallas"",""state"":""TX""}","4417 Swiss Avenue","Apt #07","Dallas","TX","75204","{""maxGuests"":2}","2","STANDALONE_PROPERTY","{""tinyThumbnail"":""https://orbirental-images.s3.amazonaws.com/1569486a-6bc6-45db-a68e-5f572b707dc5"",""largeThumbnail"":""https://orbirental-images.s3.amazonaws.com/c6b52e92-cef7-466a-8fcf-09a3d50c49d8""}","https://orbirental-images.s3.amazonaws.com/c6b52e92-cef7-466a-8fcf-09a3d50c49d8","https://orbirental-images.s3.amazonaws.com/1569486a-6bc6-45db-a68e-5f572b707dc5","0","{""currency"":""USD""}","USD","CONDO",,
"2025-08-14T22:16:39.572Z","8","23","ae7b3948-332e-4284-9044-7d49e1f861ac","4417-09 ""Roosevelt""","true","{""address"":""4417 Swiss Avenue"",""address2"":""Apt #09"",""zipCode"":""75204"",""city"":""Dallas"",""state"":""TX""}","4417 Swiss Avenue","Apt #09","Dallas","TX","75204","{""maxGuests"":2}","2","STANDALONE_PROPERTY","{""tinyThumbnail"":""https://orbirental-images.s3.amazonaws.com/63515e2f-b035-4b36-b3ec-35e77624964f"",""largeThumbnail"":""https://orbirental-images.s3.amazonaws.com/905313ed-6e02-4640-8cd2-5d0d31bff35c""}","https://orbirental-images.s3.amazonaws.com/905313ed-6e02-4640-8cd2-5d0d31bff35c","https://orbirental-images.s3.amazonaws.com/63515e2f-b035-4b36-b3ec-35e77624964f","0","{""currency"":""USD""}","USD","CONDO",,
"2025-08-14T22:16:39.572Z","9","23","eebab2d6-745a-4709-80dc-65c0e36435e6","4417-10 ""Cozy Swiss Retreat"" ","true","{""address"":""4417 Swiss Avenue"",""address2"":""Apt #10"",""zipCode"":""75204"",""city"":""Dallas"",""state"":""TX""}","4417 Swiss Avenue","Apt #10","Dallas","TX","75204","{""maxGuests"":2}","2","STANDALONE_PROPERTY","{""tinyThumbnail"":""https://orbirental-images.s3.amazonaws.com/28cec7c3-cbe1-4b50-bb45-fdfbc23ee359"",""largeThumbnail"":""https://orbirental-images.s3.amazonaws.com/4c281a46-da33-4c52-9909-83c8feb79a67""}","https://orbirental-images.s3.amazonaws.com/4c281a46-da33-4c52-9909-83c8feb79a67","https://orbirental-images.s3.amazonaws.com/28cec7c3-cbe1-4b50-bb45-fdfbc23ee359","0","{""currency"":""USD""}","USD","CONDO",,
"2025-08-14T22:16:39.572Z","10","23","7fa25226-5a23-40e6-ae79-563974f481d1","4417-11 Bluebonnet ","true","{""address"":""4417 Swiss Avenue"",""address2"":""Apt #11"",""zipCode"":""75204"",""city"":""Dallas"",""state"":""TX""}","4417 Swiss Avenue","Apt #11","Dallas","TX","75204","{""maxGuests"":2}","2","STANDALONE_PROPERTY","{""tinyThumbnail"":""https://orbirental-images.s3.amazonaws.com/ca9620cb-9f22-4eeb-8b78-c17ce72f9a44"",""largeThumbnail"":""https://orbirental-images.s3.amazonaws.com/a3299f9b-f71d-4a13-8aa4-9492251eef8a""}","https://orbirental-images.s3.amazonaws.com/a3299f9b-f71d-4a13-8aa4-9492251eef8a","https://orbirental-images.s3.amazonaws.com/ca9620cb-9f22-4eeb-8b78-c17ce72f9a44","0","{""currency"":""USD""}","USD","CONDO",,
"2025-08-14T22:16:39.572Z","11","23","fbb08111-4e1e-477c-9412-181f1d545546","4417-12 ""CozyStay"" ","true","{""address"":""4417 Swiss Avenue"",""address2"":""Apt #12"",""zipCode"":""75204"",""city"":""Dallas"",""state"":""TX""}","4417 Swiss Avenue","Apt #12","Dallas","TX","75204","{""maxGuests"":2}","2","STANDALONE_PROPERTY","{""tinyThumbnail"":""https://orbirental-images.s3.amazonaws.com/3645334e-07e0-4890-bcfa-89027d14595e"",""largeThumbnail"":""https://orbirental-images.s3.amazonaws.com/cf45d406-4003-46c4-b686-773700984908""}","https://orbirental-images.s3.amazonaws.com/cf45d406-4003-46c4-b686-773700984908","https://orbirental-images.s3.amazonaws.com/3645334e-07e0-4890-bcfa-89027d14595e","0","{""currency"":""USD""}","USD","CONDO",,
"2025-08-14T22:16:39.572Z","12","23","819d8568-7d16-473e-8552-1fae0bbfd0dd","4502-02 ""Grand Manor"" · Historic Luxury Home in Lakewood","true","{""address"":""4502 Reiger Avenue"",""address2"":""#2"",""zipCode"":""75246"",""city"":""Dallas"",""state"":""TX""}","4502 Reiger Avenue","#2","Dallas","TX","75246","{""maxGuests"":8}","8","STANDALONE_PROPERTY","{""tinyThumbnail"":""https://orbirental-images.s3.amazonaws.com/c03e14b8-9d11-4aec-9494-f44b57ee513e"",""largeThumbnail"":""https://orbirental-images.s3.amazonaws.com/0a34bf44-1858-441d-8a84-db7d599a2d14""}","https://orbirental-images.s3.amazonaws.com/0a34bf44-1858-441d-8a84-db7d599a2d14","https://orbirental-images.s3.amazonaws.com/c03e14b8-9d11-4aec-9494-f44b57ee513e","0","{""currency"":""USD""}","USD","HOUSE",,
"2025-08-14T22:16:39.572Z","13","23","72aa5e56-2c05-411a-843a-591b9207d2c9","4803-101 ","true","{""address"":""4803 Junius Street"",""address2"":""101"",""zipCode"":""75246"",""city"":""Dallas"",""state"":""TX""}","4803 Junius Street","101","Dallas","TX","75246","{""maxGuests"":2}","2","STANDALONE_PROPERTY","{""tinyThumbnail"":""https://orbirental-images.s3.amazonaws.com/8fcaa221-3b02-4269-88df-22aa4a9bece0"",""largeThumbnail"":""https://orbirental-images.s3.amazonaws.com/9570ae9d-8bcf-4d78-a5cc-dc163c3d0e37""}","https://orbirental-images.s3.amazonaws.com/9570ae9d-8bcf-4d78-a5cc-dc163c3d0e37","https://orbirental-images.s3.amazonaws.com/8fcaa221-3b02-4269-88df-22aa4a9bece0","0","{""currency"":""USD""}","USD","CONDO",,
"2025-08-14T22:16:39.572Z","14","23","bb6e1c0c-626d-46c4-8ba9-a9f7afe9cf3b","4803-102 ""The Edition""","true","{""address"":""4803 Junius Street"",""address2"":""102"",""zipCode"":""75246"",""city"":""Dallas"",""state"":""TX""}","4803 Junius Street","102","Dallas","TX","75246","{""maxGuests"":2}","2","STANDALONE_PROPERTY","{""tinyThumbnail"":""https://orbirental-images.s3.amazonaws.com/c9478102-05ec-4626-a922-382d3ebc375e"",""largeThumbnail"":""https://orbirental-images.s3.amazonaws.com/a3c333bf-7999-4f2d-a2e5-531a0d76053c""}","https://orbirental-images.s3.amazonaws.com/a3c333bf-7999-4f2d-a2e5-531a0d76053c","https://orbirental-images.s3.amazonaws.com/c9478102-05ec-4626-a922-382d3ebc375e","0","{""currency"":""USD""}","USD","CONDO",,
"2025-08-14T22:16:39.572Z","15","23","0ae9815e-6f95-46d6-b271-cc21d6893634","4803-103 ""Savoy"" ","true","{""address"":""4803 Junius Street"",""address2"":""103"",""zipCode"":""75246"",""city"":""Dallas"",""state"":""TX""}","4803 Junius Street","103","Dallas","TX","75246","{""maxGuests"":2}","2","STANDALONE_PROPERTY","{""tinyThumbnail"":""https://orbirental-images.s3.amazonaws.com/9db9561e-2388-4863-850e-819ac321f1ad"",""largeThumbnail"":""https://orbirental-images.s3.amazonaws.com/20f8e8f9-738d-4d96-bd46-1e37affcc8c5""}","https://orbirental-images.s3.amazonaws.com/20f8e8f9-738d-4d96-bd46-1e37affcc8c5","https://orbirental-images.s3.amazonaws.com/9db9561e-2388-4863-850e-819ac321f1ad","0","{""currency"":""USD""}","USD","CONDO",,
"2025-08-14T22:16:39.572Z","16","23","6991b4f1-ab26-43ac-b99b-4861aeeb4cb1","4803-104 ""Ritz at Sir Charles"" ","true","{""address"":""4803 Junius Street"",""address2"":"" 104"",""zipCode"":""75246"",""city"":""Dallas"",""state"":""TX""}","4803 Junius Street","104","Dallas","TX","75246","{""maxGuests"":2}","2","STANDALONE_PROPERTY","{""tinyThumbnail"":""https://orbirental-images.s3.amazonaws.com/73386a1d-ae86-4210-aee7-4bfd92371eae"",""largeThumbnail"":""https://orbirental-images.s3.amazonaws.com/77d8ad46-13d9-4f01-8982-46be5758ec04""}","https://orbirental-images.s3.amazonaws.com/77d8ad46-13d9-4f01-8982-46be5758ec04","https://orbirental-images.s3.amazonaws.com/73386a1d-ae86-4210-aee7-4bfd92371eae","0","{""currency"":""USD""}","USD","CONDO",,
"2025-08-14T22:16:39.572Z","17","23","cbb17fe5-b0d9-4563-a67e-d94deb85ee6e","4803-105 ""The Langham"" ","true","{""address"":""4803 Junius Street"",""address2"":""105"",""zipCode"":""75246"",""city"":""Dallas"",""state"":""TX""}","4803 Junius Street","105","Dallas","TX","75246","{""maxGuests"":2}","2","STANDALONE_PROPERTY","{""tinyThumbnail"":""https://orbirental-images.s3.amazonaws.com/9e22b02d-e5ae-4cde-8b22-928c6a6c871e"",""largeThumbnail"":""https://orbirental-images.s3.amazonaws.com/d6c40141-e1cf-45d4-9baa-df9686ff817b""}","https://orbirental-images.s3.amazonaws.com/d6c40141-e1cf-45d4-9baa-df9686ff817b","https://orbirental-images.s3.amazonaws.com/9e22b02d-e5ae-4cde-8b22-928c6a6c871e","0","{""currency"":""USD""}","USD","CONDO",,
"2025-08-14T22:16:39.572Z","18","23","1a64c680-65fe-40e4-9570-22bde81955d5","4803-201 ""The Carlyle"" ","true","{""address"":""4803 Junius Street"",""address2"":""201"",""zipCode"":""75246"",""city"":""Dallas"",""state"":""TX""}","4803 Junius Street","201","Dallas","TX","75246","{""maxGuests"":2}","2","STANDALONE_PROPERTY","{""tinyThumbnail"":""https://orbirental-images.s3.amazonaws.com/10cde625-93f2-44f5-9e98-63aed0d20d6f"",""largeThumbnail"":""https://orbirental-images.s3.amazonaws.com/8d08a014-9707-4de2-970d-e696a042fbf9""}","https://orbirental-images.s3.amazonaws.com/8d08a014-9707-4de2-970d-e696a042fbf9","https://orbirental-images.s3.amazonaws.com/10cde625-93f2-44f5-9e98-63aed0d20d6f","0","{""currency"":""USD""}","USD","CONDO",,
"2025-08-14T22:16:39.572Z","19","23","c4db5986-d9aa-4e42-991a-4e7586e7360c","4803-201 (Floater to be deleted)","false","{""address"":""4803 Junius Street"",""address2"":""201"",""zipCode"":""75246"",""city"":""Dallas"",""state"":""TX""}","4803 Junius Street","201","Dallas","TX","75246","{""maxGuests"":3}","3","STANDALONE_PROPERTY","{""tinyThumbnail"":""https://orbirental-images.s3.amazonaws.com/6fac021c-0b5a-40e8-ba75-9d6dfc016893"",""largeThumbnail"":""https://orbirental-images.s3.amazonaws.com/99d15816-3345-49cb-ac33-0ea390e46e1d""}","https://orbirental-images.s3.amazonaws.com/99d15816-3345-49cb-ac33-0ea390e46e1d","https://orbirental-images.s3.amazonaws.com/6fac021c-0b5a-40e8-ba75-9d6dfc016893","0","{""currency"":""USD""}","USD","APARTMENT",,
"2025-08-14T22:16:39.572Z","20","23","10ef0be2-5c82-4f1a-bf78-54d7f3473ae3","4803-202 ","true","{""address"":""4803 Junius Street"",""address2"":""202"",""zipCode"":""75246"",""city"":""Dallas"",""state"":""TX""}","4803 Junius Street","202","Dallas","TX","75246","{""maxGuests"":2}","2","STANDALONE_PROPERTY","{""tinyThumbnail"":""https://orbirental-images.s3.amazonaws.com/01ca29df-9efc-451d-b14b-27824e00026a"",""largeThumbnail"":""https://orbirental-images.s3.amazonaws.com/807f1b3f-6bc3-44ad-828f-7fcb18ed8f1f""}","https://orbirental-images.s3.amazonaws.com/807f1b3f-6bc3-44ad-828f-7fcb18ed8f1f","https://orbirental-images.s3.amazonaws.com/01ca29df-9efc-451d-b14b-27824e00026a","0","{""currency"":""USD""}","USD","CONDO",,
"2025-08-14T22:16:39.572Z","21","23","e4b0bc73-d608-4a3e-b2fe-2906011ae57b","4803-203","true","{""address"":""4803 Junius Street"",""address2"":""203"",""zipCode"":""75246"",""city"":""Dallas"",""state"":""TX""}","4803 Junius Street","203","Dallas","TX","75246","{""maxGuests"":2}","2","STANDALONE_PROPERTY","{""tinyThumbnail"":""https://orbirental-images.s3.amazonaws.com/6c85f863-9d82-4b53-aa16-aa1eb817c286"",""largeThumbnail"":""https://orbirental-images.s3.amazonaws.com/ee280b54-4f46-431b-978f-e340d3f83cc8""}","https://orbirental-images.s3.amazonaws.com/ee280b54-4f46-431b-978f-e340d3f83cc8","https://orbirental-images.s3.amazonaws.com/6c85f863-9d82-4b53-aa16-aa1eb817c286","0","{""currency"":""USD""}","USD","CONDO",,
"2025-08-14T22:16:39.572Z","22","23","4925cd45-6414-4cd1-83ab-1daea66c8e10","4803-204 ""The Plaza"" ","true","{""address"":""4803 Junius Street"",""address2"":""204"",""zipCode"":""75246"",""city"":""Dallas"",""state"":""TX""}","4803 Junius Street","204","Dallas","TX","75246","{""maxGuests"":2}","2","STANDALONE_PROPERTY","{""tinyThumbnail"":""https://orbirental-images.s3.amazonaws.com/14c583a7-abd3-48d4-b7cc-44e84640fca6"",""largeThumbnail"":""https://orbirental-images.s3.amazonaws.com/a631c54d-b7a4-47df-8730-591df83cebe1""}","https://orbirental-images.s3.amazonaws.com/a631c54d-b7a4-47df-8730-591df83cebe1","https://orbirental-images.s3.amazonaws.com/14c583a7-abd3-48d4-b7cc-44e84640fca6","0","{""currency"":""USD""}","USD","CONDO",,
"2025-08-14T22:16:39.572Z","23","23","2383dc71-99b2-4449-a538-1f2f026a18b8","6011-220 ""Executive Loft"" · Spacious and Bright, 2-Story Executive Loft","false","{""address"":""6011 Gaston Avenue"",""address2"":""#220"",""zipCode"":""75214"",""city"":""Dallas"",""state"":""TX""}","6011 Gaston Avenue","#220","Dallas","TX","75214","{""maxGuests"":3}","3","STANDALONE_PROPERTY","{""tinyThumbnail"":""https://orbirental-images.s3.amazonaws.com/da1f8219-2ba4-4b85-a768-cf3720205d71"",""largeThumbnail"":""https://orbirental-images.s3.amazonaws.com/a0f35b7c-6d37-4241-a783-5b5b568f5f0f""}","https://orbirental-images.s3.amazonaws.com/a0f35b7c-6d37-4241-a783-5b5b568f5f0f","https://orbirental-images.s3.amazonaws.com/da1f8219-2ba4-4b85-a768-cf3720205d71","0","{""currency"":""USD""}","USD","APARTMENT",,
